category	ja	fr
つなぐ	もう一度言ってもらえますか	Vous pouvez répéter, s'il vous plaît ?
つなぐ	もう少しゆっくり話してください	Plus lentement, s'il vous plaît.
つなぐ	「〇〇」ってどういう意味ですか	Ça veut dire quoi, « … » ?
つなぐ	フランス語で〇〇って何て言いますか	Comment on dit « … » en français ?
つなぐ	えーっと、ちょっと待ってください	Euh… attendez, un instant.
つなぐ	まだ勉強中で、少ししか話せません	J'apprends encore, je parle un peu français.
つなぐ	わかりません	Je ne comprends pas.
つなぐ	わかりました	J'ai compris.
つなぐ	つまり…ということですか	Vous voulez dire que… ?
つなぐ	英語で言ってもいいですか	Je peux le dire en anglais ?
つなぐ	書いてもらえますか	Vous pouvez l'écrire ?
つなぐ	どう発音しますか	Ça se prononce comment ?
つなぐ	これで合っていますか	C'est correct ?
つなぐ	なんて言えばいいかな…	Comment dire…
つなぐ	なるほど	Je vois.
つなぐ	本当に？	Ah bon ?
つなぐ	私もです	Moi aussi.
つなぐ	そうですね	C'est vrai.
つなぐ	ちょっと考えさせてください	Laissez-moi réfléchir.
つなぐ	間違えたらごめんなさい	Désolé si je fais des erreurs.
自分	日本から来ました	Je viens du Japon.
自分	フランス語を勉強しています	J'apprends le français.
自分	結婚しています	Je suis marié.
自分	フランスに来るのは初めてです	C'est la première fois que je viens en France.
自分	日本で生まれました	Je suis né au Japon.
自分	家族と住んでいます	J'habite avec ma famille.
自分	週末は家族と過ごします	Le week-end, je passe du temps en famille.
自分	毎朝お茶を飲みます	Je bois du thé tous les matins.
自分	田舎に住んでいます	J'habite à la campagne.
自分	朝型です	Je suis du matin.
自分	自分の会社をやっています	J'ai ma propre entreprise.
自分	料理が好きです	J'aime cuisiner.
自分	仕事が忙しいです	J'ai beaucoup de travail.
自分	犬を飼っています	J'ai un chien.
気持ち	これ、すごく好きです	J'adore ça.
気持ち	あまり得意じゃないです	Je ne suis pas très doué pour ça.
気持ち	楽しかったです	C'était super.
気持ち	おいしかったです	C'était délicieux.
気持ち	ちょっと疲れました	Je suis un peu fatigué.
気持ち	うれしいです	Je suis content.
気持ち	残念です	C'est dommage.
気持ち	びっくりしました	J'ai été surpris.
気持ち	それはいい考えですね	C'est une bonne idée.
気持ち	好きじゃないです	Je n'aime pas ça.
気持ち	どちらでもいいです	Ça m'est égal.
気持ち	興味があります	Ça m'intéresse.
気持ち	楽しみです	J'ai hâte.
気持ち	お腹がすきました	J'ai faim.
気持ち	眠いです	J'ai sommeil.
気持ち	心配しないで	Ne t'inquiète pas.
気持ち	気に入りました	Ça me plaît.
気持ち	ちょっと緊張しています	Je suis un peu stressé.
予定と過去	さっき着いたところです	Je viens d'arriver.
予定と過去	もう食べました	J'ai déjà mangé.
予定と過去	まだ終わっていません	Je n'ai pas encore fini.
予定と過去	ちょうど起きたところです	Je viens de me lever.
予定と過去	今週末は何をするの？	Qu'est-ce que tu vas faire ce week-end ?
予定と過去	今日は家で休みます	Aujourd'hui, je vais me reposer à la maison.
予定と過去	今夜は早く寝ます	Ce soir, je vais me coucher tôt.
予定と過去	昨日は何をしたの？	Qu'est-ce que tu as fait hier ?
予定と過去	先週、友達に会いました	La semaine dernière, j'ai vu des amis.
予定と過去	3年前に始めました	J'ai commencé il y a trois ans.
予定と過去	来年フランスに行きたいです	L'année prochaine, je voudrais aller en France.
予定と過去	何時に会おうか？	On se voit à quelle heure ?
予定と過去	もう予定があります	J'ai déjà quelque chose de prévu.
予定と過去	午後は空いています	Je suis libre cet après-midi.
予定と過去	また今度にしましょう	On remet ça à une autre fois.
予定と過去	これから何をするの？	Qu'est-ce que tu vas faire maintenant ?
予定と過去	明日、市場に行くつもりです	Demain, je vais aller au marché.
予定と過去	昨日、京都を観光しました	Hier, j'ai visité Kyoto.
頼む・質問	駅はどこですか	Où est la gare ?
頼む・質問	おすすめは何ですか	Qu'est-ce que vous recommandez ?
頼む・質問	写真を撮ってもいいですか	Je peux prendre une photo ?
頼む・質問	これは何ですか	Qu'est-ce que c'est ?
頼む・質問	いくらですか	C'est combien ?
頼む・質問	手伝ってもらえますか	Vous pouvez m'aider ?
頼む・質問	何時に開きますか	Ça ouvre à quelle heure ?
頼む・質問	お名前は？	Comment vous vous appelez ?
頼む・質問	どちらから来ましたか	Vous venez d'où ?
頼む・質問	お仕事は何ですか	Qu'est-ce que vous faites dans la vie ?
頼む・質問	ここに座ってもいいですか	Je peux m'asseoir ici ?
頼む・質問	Wi-Fiのパスワードは何ですか	C'est quoi, le mot de passe du wifi ?
頼む・質問	ちょっと聞いてもいいですか	Je peux vous poser une question ?
頼む・質問	窓を開けてもいいですか	Je peux ouvrir la fenêtre ?
頼む・質問	コーヒーをください	Je voudrais un café, s'il vous plaît.
頼む・質問	どうして？	Pourquoi ?
頼む・質問	どうやって行けばいいですか	Comment on y va ?
頼む・質問	どのくらい時間がかかりますか	Ça prend combien de temps ?
頼む・質問	もう少し小さいのはありますか	Vous l'avez en plus petit ?
頼む・質問	トイレはどこですか	Où sont les toilettes ?
旅先	これをください	Je prends ça.
旅先	お会計をお願いします	L'addition, s'il vous plaît.
旅先	カードは使えますか	Je peux payer par carte ?
旅先	予約しています	J'ai une réservation.
旅先	2人です	Nous sommes deux.
旅先	お水をください	Une carafe d'eau, s'il vous plaît.
旅先	持ち帰りでお願いします	C'est à emporter.
旅先	店内で食べます	C'est pour manger sur place.
旅先	駅まで行きたいです	Je voudrais aller à la gare.
旅先	パリまで片道1枚ください	Un aller simple pour Paris, s'il vous plaît.
旅先	チェックアウトは何時ですか	Le départ est à quelle heure ?
旅先	試着してもいいですか	Je peux l'essayer ?
旅先	見ているだけです	Je regarde seulement.
旅先	袋はいりません	Je n'ai pas besoin de sac.
旅先	アレルギーがあります	J'ai une allergie.
旅先	辛すぎないようにしてください	Pas trop épicé, s'il vous plaît.
旅先	とてもおいしいです	C'est très bon.
旅先	この席は空いていますか	Cette place est libre ?
旅先	次の電車は何時ですか	Le prochain train est à quelle heure ?
旅先	おすすめの料理はどれですか	Quel plat vous recommandez ?
困ったとき	道に迷いました	Je me suis perdu.
困ったとき	助けてもらえますか	Vous pouvez m'aider, s'il vous plaît ?
困ったとき	財布をなくしました	J'ai perdu mon portefeuille.
困ったとき	気分が悪いです	Je ne me sens pas bien.
困ったとき	医者を呼んでください	Appelez un médecin, s'il vous plaît.
困ったとき	電車に乗り遅れました	J'ai raté le train.
困ったとき	遅れてすみません	Désolé pour le retard.
困ったとき	間違えました	Je me suis trompé.
困ったとき	携帯の充電が切れました	Mon téléphone n'a plus de batterie.
困ったとき	警察署はどこですか	Où est le commissariat ?
困ったとき	これ、動きません	Ça ne marche pas.
困ったとき	部屋のお湯が出ません	Il n'y a pas d'eau chaude dans la chambre.
困ったとき	予約が見つかりません	Je ne trouve pas ma réservation.
困ったとき	頭が痛いです	J'ai mal à la tête.
困ったとき	かばんを盗まれました	On m'a volé mon sac.
困ったとき	大丈夫です、ありがとう	Ça va, merci.
困ったとき	急いでいます	Je suis pressé.
困ったとき	英語を話せる人はいますか	Quelqu'un parle anglais ?
困ったとき	もう一度確認してもらえますか	Vous pouvez vérifier encore une fois ?
困ったとき	ゆっくりで大丈夫です	Prenez votre temps.
