inf	pp	flags	obj	ru	ta
être	été	N	en retard	遅刻する	遅刻した
avoir	eu	N	faim	お腹が空く	お腹が空いた
faire	fait		les courses	買い物をする	買い物をした
dire	dit		la vérité	本当のことを言う	本当のことを言った
pouvoir	pu	N	venir	来られる	来られた
aller	allé	E	au marché	市場に行く	市場に行った
voir	vu		ce film	この映画を見る	この映画を見た
savoir	su	N	la réponse	答えを知る	答えを知った
vouloir	voulu	NA	partir	出発したくなる	出発したかった
venir	venu	EN	ici	ここに来る	ここに来た
devoir	dû	NA	partir	出発しなければならない	出発しなければならなかった
prendre	pris		le train	電車に乗る	電車に乗った
trouver	trouvé		les clés	鍵を見つける	鍵を見つけた
donner	donné		un cadeau à Paul	ポールにプレゼントをあげる	ポールにプレゼントをあげた
falloir	fallu	IN	partir	出発しなければならない	出発しなければならなかった
parler	parlé		à Marie	マリーと話す	マリーと話した
mettre	mis		la table	食卓の用意をする	食卓の用意をした
passer	passé		un bon week-end	楽しい週末を過ごす	楽しい週末を過ごした
aimer	aimé	N	ce film	この映画を気に入る	この映画を気に入った
croire	cru	N	cette histoire	この話を信じる	この話を信じた
penser	pensé	N	à ce projet	この計画のことを考える	この計画のことを考えた
demander	demandé		le chemin	道を尋ねる	道を尋ねた
laisser	laissé		un message	メッセージを残す	メッセージを残した
rester	resté	EN	à la maison	家にいる	家にいた
regarder	regardé		la télé	テレビを見る	テレビを見た
attendre	attendu		le bus	バスを待つ	バスを待った
comprendre	compris		la question	質問を理解する	質問を理解した
arriver	arrivé	E		着く	着いた
partir	parti	E		出発する	出発した
sortir	sorti	E		出かける	出かけた
entendre	entendu		un bruit	物音を聞く	物音を聞いた
connaître	connu	N	Paul	ポールと知り合う	ポールと知り合った
chercher	cherché		un appartement	部屋を探す	部屋を探した
appeler	appelé		Paul	ポールに電話する	ポールに電話した
manger	mangé			食べる	食べた
boire	bu		un café	コーヒーを飲む	コーヒーを飲んだ
travailler	travaillé			働く	働いた
jouer	joué		au tennis	テニスをする	テニスをした
rentrer	rentré	E		家に帰る	家に帰った
finir	fini		le travail	仕事を終える	仕事を終えた
commencer	commencé		le cours	授業を始める	授業を始めた
écrire	écrit		un mail	メールを書く	メールを書いた
lire	lu		ce livre	この本を読む	この本を読んだ
répondre	répondu		au message	メッセージに返事をする	メッセージに返事をした
tenir	tenu		la porte	ドアを押さえる	ドアを押さえた
rendre	rendu		le livre	本を返す	本を返した
sentir	senti	N	une odeur	においに気づく	においに気づいた
porter	porté		une veste	上着を着る	上着を着た
entrer	entré	E		中に入る	中に入った
revenir	revenu	E		戻ってくる	戻ってきた
devenir	devenu	EN	médecin	医者になる	医者になった
tomber	tombé	E		転ぶ	転んだ
perdre	perdu		les clés	鍵をなくす	鍵をなくした
vivre	vécu	N	à Paris	パリで暮らす	パリで暮らした
dormir	dormi			眠る	眠った
acheter	acheté		du pain	パンを買う	パンを買った
payer	payé		l'addition	会計を払う	会計を払った
oublier	oublié		le parapluie	傘を忘れる	傘を忘れた
essayer	essayé		ce restaurant	このレストランを試す	このレストランを試した
aider	aidé		Marie	マリーを手伝う	マリーを手伝った
suivre	suivi		un cours de français	フランス語の授業を受ける	フランス語の授業を受けた
montrer	montré		les photos	写真を見せる	写真を見せた
ouvrir	ouvert		la fenêtre	窓を開ける	窓を開けた
fermer	fermé		la porte	ドアを閉める	ドアを閉めた
changer	changé		d'avis	考えを変える	考えを変えた
apprendre	appris		le français	フランス語を学ぶ	フランス語を学んだ
recevoir	reçu		un colis	荷物を受け取る	荷物を受け取った
envoyer	envoyé		une lettre	手紙を送る	手紙を送った
écouter	écouté		de la musique	音楽を聴く	音楽を聴いた
habiter	habité	N	à Lyon	リヨンに住む	リヨンに住んでいた
marcher	marché		une heure	1時間歩く	1時間歩いた
courir	couru			走る	走った
monter	monté	E	à l'étage	上の階に上がる	上の階に上がった
descendre	descendu	E		下に降りる	下に降りた
retrouver	retrouvé		des amis	友達と会う	友達と会った
rencontrer	rencontré		Marie	マリーと出会う	マリーと出会った
raconter	raconté		une histoire	話を聞かせる	話を聞かせた
expliquer	expliqué		le problème	問題を説明する	問題を説明した
préparer	préparé		le dîner	夕食を作る	夕食を作った
utiliser	utilisé		cette application	このアプリを使う	このアプリを使った
arrêter	arrêté		de fumer	タバコをやめる	タバコをやめた
continuer	continué			続ける	続けた
choisir	choisi		un cadeau	プレゼントを選ぶ	プレゼントを選んだ
décider	décidé		de partir	出発することに決める	出発することに決めた
garder	gardé		les enfants	子どもを預かる	子どもを預かった
quitter	quitté		Paris	パリを離れる	パリを離れた
gagner	gagné		le match	試合に勝つ	試合に勝った
poser	posé		une question	質問をする	質問をした
tourner	tourné		à gauche	左に曲がる	左に曲がった
visiter	visité		le musée	美術館を見学する	美術館を見学した
accepter	accepté		l'offre	申し出を受ける	申し出を受けた
refuser	refusé		l'offre	申し出を断る	申し出を断った
retourner	retourné	E	au Japon	日本に戻る	日本に戻った
promettre	promis		de venir	来ると約束する	来ると約束した
réserver	réservé		une table	席を予約する	席を予約した
nettoyer	nettoyé		la cuisine	台所を掃除する	台所を掃除した
conduire	conduit		la voiture	車を運転する	車を運転した
voyager	voyagé			旅行する	旅行した
danser	dansé			踊る	踊った
chanter	chanté		une chanson	歌を歌う	歌を歌った
lever	levé	R		起きる	起きた
coucher	couché	R		寝る	寝た
réveiller	réveillé	R		目を覚ます	目を覚ました
habiller	habillé	R		服を着る	服を着た
laver	lavé	R		体を洗う	体を洗った
doucher	douché	R		シャワーを浴びる	シャワーを浴びた
dépêcher	dépêché	RN		急ぐ	急いだ
promener	promené	R		散歩する	散歩した
reposer	reposé	R		休む	休んだ
asseoir	assis	R		座る	座った
souvenir	souvenu	RN	de ce jour	その日のことを思い出す	その日のことを思い出した
amuser	amusé	RN		楽しむ	楽しんだ
tromper	trompé	RN		間違える	間違えた
inquiéter	inquiété	RN		心配する	心配した
occuper	occupé	R	des enfants	子どもの世話をする	子どもの世話をした
préparer	préparé	R		支度をする	支度をした
arrêter	arrêté	R		立ち止まる	立ち止まった
marier	marié	RN		結婚する	結婚した
sentir	senti	RN	mieux	気分が良くなる	気分が良くなった
perdre	perdu	R		道に迷う	道に迷った
nager	nagé			泳ぐ	泳いだ
cuisiner	cuisiné			料理する	料理した
laver	lavé		la voiture	車を洗う	車を洗った
ranger	rangé		la chambre	部屋を片付ける	部屋を片付けた
goûter	goûté		ce vin	このワインを味見する	このワインを味見した
étudier	étudié			勉強する	勉強した
enseigner	enseigné		le japonais	日本語を教える	日本語を教えた
inviter	invité		des amis	友達を招く	友達を招いた
fêter	fêté		Noël	クリスマスを祝う	クリスマスを祝った
louer	loué		une voiture	車を借りる	車を借りた
vendre	vendu		la maison	家を売る	家を売った
réparer	réparé		le vélo	自転車を修理する	自転車を修理した
construire	construit		une maison	家を建てる	家を建てた
couper	coupé		le pain	パンを切る	パンを切った
casser	cassé		un verre	コップを割る	コップを割った
allumer	allumé		la lumière	電気をつける	電気をつけた
éteindre	éteint		la lumière	電気を消す	電気を消した
remplir	rempli		le formulaire	用紙に記入する	用紙に記入した
signer	signé		le contrat	契約書にサインする	契約書にサインした
imprimer	imprimé		le document	書類を印刷する	書類を印刷した
télécharger	téléchargé		l'application	アプリをダウンロードする	アプリをダウンロードした
partager	partagé		la photo	写真をシェアする	写真をシェアした
enregistrer	enregistré		une vidéo	動画を録る	動画を録った
traduire	traduit		ce texte	この文章を訳す	この文章を訳した
répéter	répété		la phrase	その文を繰り返す	その文を繰り返した
corriger	corrigé		l'erreur	間違いを直す	間違いを直した
vérifier	vérifié		l'adresse	住所を確認する	住所を確認した
noter	noté		le numéro	番号をメモする	番号をメモした
compter	compté		l'argent	お金を数える	お金を数えた
dépenser	dépensé		cent euros	100ユーロ使う	100ユーロ使った
économiser	économisé		de l'argent	お金を貯める	お金を貯めた
emprunter	emprunté		un livre	本を借りる	本を借りた
prêter	prêté		un stylo	ペンを貸す	ペンを貸した
apporter	apporté		du vin	ワインを持ってくる	ワインを持ってきた
amener	amené		les enfants	子どもを連れてくる	子どもを連れてきた
emmener	emmené		Marie au cinéma	マリーを映画に連れて行く	マリーを映画に連れて行った
récupérer	récupéré		le colis	荷物を引き取る	荷物を引き取った
déménager	déménagé			引っ越す	引っ越した
annuler	annulé		le rendez-vous	約束をキャンセルする	約束をキャンセルした
confirmer	confirmé		la réservation	予約を確認する	予約を確認した
organiser	organisé		une fête	パーティーを企画する	パーティーを企画した
rater	raté		le train	電車に乗り遅れる	電車に乗り遅れた
attraper	attrapé		le bus	バスに間に合う	バスに間に合った
traverser	traversé		la rue	道を渡る	道を渡った
garer	garé		la voiture	車を停める	車を停めた
découvrir	découvert		un bon restaurant	いいレストランを見つける	いいレストランを見つけた
offrir	offert		des fleurs	花を贈る	花を贈った
remercier	remercié		Paul	ポールにお礼を言う	ポールにお礼を言った
féliciter	félicité		Marie	マリーを祝福する	マリーを祝福した
rire	ri			笑う	笑った
pleurer	pleuré			泣く	泣いた
sourire	souri			微笑む	微笑んだ
crier	crié			叫ぶ	叫んだ
discuter	discuté		avec Paul	ポールと話し合う	ポールと話し合った
téléphoner	téléphoné		à Marie	マリーに電話する	マリーに電話した
rappeler	rappelé		Paul	ポールに折り返し電話する	ポールに折り返し電話した
dessiner	dessiné		un chat	猫の絵を描く	猫の絵を描いた
peindre	peint		le mur	壁を塗る	壁を塗った
planter	planté		des arbres	木を植える	木を植えた
cueillir	cueilli		des fruits	果物を摘む	果物を摘んだ
arroser	arrosé		le jardin	庭に水をやる	庭に水をやった
servir	servi		le thé	お茶を出す	お茶を出した
commander	commandé		un dessert	デザートを注文する	デザートを注文した
recommander	recommandé		ce restaurant	このレストランを勧める	このレストランを勧めた
adorer	adoré	N	ce concert	このコンサートをすごく気に入る	このコンサートをすごく気に入った
hésiter	hésité	N		迷う	迷った
réfléchir	réfléchi			よく考える	よく考えた
réussir	réussi		l'examen	試験に合格する	試験に合格した
grandir	grandi	N		大きくなる	大きくなった
maigrir	maigri			やせる	やせた
grossir	grossi			太る	太った
guérir	guéri			病気が治る	病気が治った
naître	né	ET		生まれる	生まれた
mourir	mort	ENT		亡くなる	亡くなった
installer	installé	R	à Kyoto	京都に引っ越して落ち着く	京都に引っ越して落ち着いた
entraîner	entraîné	R		トレーニングする	トレーニングした
fumer	fumé			タバコを吸う	タバコを吸った
pleuvoir	plu	I		雨が降る	雨が降った
neiger	neigé	I		雪が降る	雪が降った
rêver	rêvé		de Paris	パリの夢を見る	パリの夢を見た
